time,seconds_elapsed,z,y,x
1772614461740651000,0.069651123046875,-0.0074145616963505745,-0.16413936018943787,0.3843093812465668
1772614461750718000,0.079718017578125,0.007053060922771692,-0.17072056233882904,0.40633347630500793
1772614461760785000,0.089784912109375,0.015725014731287956,-0.19126607477664948,0.39917469024658203
1772614461770851800,0.099851806640625,0.04149322956800461,-0.20775343477725983,0.3738512396812439
1772614461780918800,0.109918701171875,0.07320146262645721,-0.20628401637077332,0.3467053472995758
1772614461790985700,0.11998583984375,0.1013723760843277,-0.1810780018568039,0.33005577325820923
1772614461801053000,0.130052978515625,0.11632335931062698,-0.1565869152545929,0.3395926356315613
1772614461811119900,0.140119873046875,0.1175159215927124,-0.11013206094503403,0.3960162401199341
1772614461821186800,0.150186767578125,0.09731454402208328,-0.09681140631437302,0.47522109746932983
1772614461831253800,0.160253662109375,0.04963597655296326,-0.1269296258687973,0.5426821112632751
1772614461841320700,0.17032080078125,0.024611547589302063,-0.1336648166179657,0.5993074178695679
1772614461851387000,0.180386962890625,0.020372861996293068,-0.1513948142528534,0.6022259593009949
1772614461861453800,0.190453857421875,0.03777678310871124,-0.16776327788829803,0.5504608154296875
1772614461871520800,0.200520751953125,0.04701768606901169,-0.1346689760684967,0.4754827320575714
1772614461881587700,0.210587646484375,0.07752272486686707,-0.09605612605810165,0.39058199524879456
1772614461891654700,0.220654541015625,0.11794577538967133,-0.05919717997312546,0.29965609312057495
1772614461901721600,0.2307216796875,0.14705044031143188,-0.03638968989253044,0.21373234689235687
1772614461911788800,0.240788818359375,0.17546717822551727,-0.022996116429567337,0.14230556786060333
1772614461921856000,0.25085595703125,0.20365296304225922,-0.01143645029515028,0.10780735313892365
1772614461931923000,0.2609228515625,0.2031986266374588,0.00221012020483613,0.11318454146385193
1772614461941990000,0.270989990234375,0.17835400998592377,-0.02687986195087433,0.14623738825321198
1772614461952056800,0.281056884765625,0.13648353517055511,-0.07249634712934494,0.19048582017421722
1772614461962123800,0.291123779296875,0.08580240607261658,-0.10412541031837463,0.22795213758945465
1772614461972190000,0.30118994140625,0.050583165138959885,-0.09768189489841461,0.23545771837234497
1772614461982257000,0.3112568359375,0.0378069132566452,-0.053236253559589386,0.217699334025383
1772614461992323800,0.32132373046875,0.05484075844287872,-0.0017000895459204912,0.18755288422107697
1772614462002390800,0.331390869140625,0.07176826894283295,0.02503955364227295,0.13434994220733643
1772614462012457700,0.341457763671875,0.07723840326070786,0.020439742133021355,0.08185212314128876
1772614462022525000,0.35152490234375,0.0889648050069809,0.026835937052965164,0.04853665083646774
1772614462032592000,0.361591796875,0.11571305990219116,0.03199021890759468,0.03504401072859764
1772614462042658800,0.371658935546875,0.12845559418201447,0.005187781527638435,0.016387486830353737
1772614462052725000,0.38172509765625,0.12680469453334808,-0.022326666861772537,0.0030557014979422092
1772614462062792200,0.391792236328125,0.13327184319496155,-0.02703976072371006,-0.004598834086209536
1772614462072859400,0.401859375,0.1309594213962555,-0.015691500157117844,-0.012316142208874226
1772614462082926300,0.41192626953125,0.09991878271102905,0.0006972083356231451,-0.011816282756626606
1772614462092993300,0.4219931640625,0.05471109226346016,0.027269430458545685,-0.0013007908128201962
1772614462103059200,0.43205908203125,0.014994298107922077,0.0536256767809391,0.01636706478893757
1772614462113126400,0.44212646484375,-0.022708605974912643,0.06150304153561592,0.03215348348021507
1772614462123193300,0.452193359375,-0.04362672567367554,0.06359350681304932,0.03950471803545952
1772614462133260300,0.46226025390625,-0.039100416004657745,0.07616762816905975,0.03919951617717743
1772614462143327200,0.4723271484375,-0.01747049018740654,0.09138719737529755,0.039227165281772614
1772614462153394200,0.482394287109375,0.0003500526072457433,0.0904843881726265,0.06199932470917702
1772614462163461000,0.492461181640625,-0.017964310944080353,0.057706769555807114,0.09755079448223114
1772614462173528300,0.5025283203125,-0.051534254103899,0.016897285357117653,0.13918505609035492
1772614462183595300,0.51259521484375,-0.06045011430978775,-0.0009399736300110817,0.16743607819080353
1772614462193662200,0.522662109375,-0.06488507986068726,0.0005929416511207819,0.18705132603645325
1772614462203729200,0.532729248046875,-0.07205940783023834,0.00846187211573124,0.18429073691368103
1772614462213796000,0.542796142578125,-0.06750433146953583,0.02735673263669014,0.1673186868429184
1772614462223863000,0.552863037109375,-0.05884845182299614,0.05206243693828583,0.1563812494277954
1772614462233929200,0.56292919921875,-0.04550734907388687,0.08350744843482971,0.17051251232624054
1772614462243996200,0.57299609375,-0.037064261734485626,0.1314336508512497,0.21052974462509155
1772614462254063000,0.58306298828125,-0.03004763275384903,0.10918747633695602,0.2542700469493866
1772614462264130000,0.593130126953125,-0.03553777188062668,0.06128793954849243,0.2958618104457855
1772614462274197000,0.603197021484375,-0.03760811313986778,0.010292135179042816,0.3219362795352936
1772614462284264200,0.61326416015625,-0.04400749132037163,-0.057297658175230026,0.307689905166626
1772614462294331100,0.6233310546875,-0.05470940098166466,-0.07302761822938919,0.27291542291641235
1772614462304398300,0.6333984375,-0.06294193863868713,-0.048065122216939926,0.22047419846057892
1772614462314465300,0.64346533203125,-0.05366081744432449,0.007012510672211647,0.1610390990972519
1772614462324532200,0.6535322265625,-0.03297021985054016,0.06373419612646103,0.10660956054925919
1772614462334599200,0.66359912109375,-0.011985575780272484,0.07193033397197723,0.05621056631207466
1772614462344666400,0.673666259765625,0.0014637449057772756,0.023940734565258026,0.0038276296108961105
1772614462354732300,0.683732177734375,0.014122015796601772,-0.028835659846663475,-0.040977925062179565
1772614462364799200,0.69379931640625,0.022705990821123123,-0.06357783824205399,-0.0748683363199234
1772614462374866200,0.7038662109375,0.025596586987376213,-0.06959179043769836,-0.10254044830799103
1772614462384933000,0.71393310546875,0.032447993755340576,-0.0449499674141407,-0.11796555668115616
1772614462395000300,0.724000244140625,0.026239631697535515,-0.009240437299013138,-0.11351461708545685
1772614462405067300,0.7340673828125,0.020106714218854904,0.018483683466911316,-0.0902167409658432
1772614462415134200,0.74413427734375,0.015903713181614876,0.04030189663171768,-0.04891670495271683
1772614462425201200,0.754201171875,0.014819204807281494,0.04272421821951866,0.0014224484330043197
1772614462435268000,0.76426806640625,0.01527327485382557,0.015450253151357174,0.04558751359581947
1772614462445335000,0.7743349609375,0.01065452303737402,-0.013634847477078438,0.07918689399957657
1772614462455402200,0.78440234375,0.018962519243359566,-0.018862899392843246,0.10175824910402298
1772614462465469200,0.79446923828125,0.035593193024396896,-0.016786513850092888,0.11548483371734619
1772614462475536100,0.8045361328125,0.04133417084813118,-0.025311024859547615,0.11318200081586838
1772614462485602000,0.81460205078125,0.033010657876729965,-0.04435272514820099,0.08571221679449081
1772614462495669200,0.824669189453125,0.02444140613079071,-0.03709481284022331,0.03947441652417183
1772614462505736200,0.834736083984375,0.024981295689940453,-0.00016732211224734783,0.002846973482519388
1772614462515803100,0.84480322265625,0.028499864041805267,0.02309805154800415,-0.03562824800610542
1772614462525870000,0.8548701171875,0.029570890590548515,0.02493387833237648,-0.07043857127428055
1772614462535937000,0.86493701171875,0.042992155998945236,0.025084614753723145,-0.08301668614149094
1772614462546004200,0.875004150390625,0.0438370443880558,0.02631213329732418,-0.062331803143024445
1772614462556071200,0.8850712890625,0.0199895016849041,0.009064437821507454,-0.013686240650713444
1772614462566138400,0.895138427734375,-0.018525099381804466,-0.013278369791805744,0.037256743758916855
1772614462576205300,0.905205322265625,-0.04256465658545494,-0.03404170647263527,0.08778196573257446
1772614462586272300,0.915272216796875,-0.05109892413020134,-0.03015786036849022,0.10710655152797699
1772614462596339200,0.925339111328125,-0.04309213161468506,-0.018514253199100494,0.10126783698797226
1772614462606406100,0.93540625,-0.021578747779130936,-0.009011550806462765,0.06162804737687111
1772614462616472300,0.945472412109375,-0.004090034868568182,-0.0036311671137809753,0.015041372738778591
1772614462626539300,0.955539306640625,0.012938080355525017,-0.007507458329200745,-0.03052285872399807
1772614462636606200,0.965606201171875,0.023757971823215485,-0.010326680727303028,-0.06474820524454117
1772614462646673200,0.975673095703125,0.03091888129711151,-0.02383260615170002,-0.09107252210378647
1772614462656740000,0.985739990234375,0.03331758826971054,-0.043118420988321304,-0.1072259247303009
1772614462666807300,0.995807373046875,0.04317031428217888,-0.05310271680355072,-0.11255182325839996
1772614462676874200,1.005874267578125,0.04444170743227005,-0.05327209457755089,-0.09444285929203033
1772614462686941200,1.015941162109375,0.02961682714521885,-0.0348576083779335,-0.06374013423919678
1772614462697008000,1.026008056640625,-0.0016566728008911014,-0.011234571225941181,-0.01784508302807808
1772614462707075000,1.036074951171875,-0.028250068426132202,0.008099780417978764,0.023835893720388412
1772614462717142000,1.04614208984375,-0.04322449117898941,0.02249390073120594,0.05125286802649498
1772614462727209200,1.056209228515625,-0.03963248431682587,0.04135363548994064,0.07311872392892838
1772614462737275100,1.066275146484375,-0.031377214938402176,0.041130729019641876,0.07445483654737473
1772614462747342000,1.076342041015625,-0.01776030845940113,0.01666998118162155,0.060647152364254
1772614462757409000,1.086408935546875,-0.006984626408666372,-0.0073037948459386826,0.03262404352426529
1772614462767476000,1.09647607421875,0.006986784748733044,-0.022749969735741615,0.0011537588434293866
1772614462777543200,1.106543212890625,0.02011936530470848,-0.04300304502248764,-0.03928634151816368
1772614462787610400,1.1166103515625,0.027528245002031326,-0.04139067977666855,-0.08018925786018372
1772614462797677300,1.12667724609375,0.025466691702604294,-0.022151470184326172,-0.10824326425790787
1772614462807744300,1.136744140625,0.02184995263814926,0.0005326853133738041,-0.11403511464595795
1772614462817811200,1.146811279296875,0.009939230978488922,0.007903516292572021,-0.09974326193332672
1772614462827878100,1.156878173828125,0.001973515609279275,0.012617814354598522,-0.0738525241613388
1772614462837945300,1.1669453125,-0.0065451376140117645,0.029806919395923615,-0.027315376326441765
1772614462848012300,1.17701220703125,-0.02304588258266449,0.03736713156104088,0.010965137742459774
1772614462858078200,1.187078125,-0.03304978087544441,0.03544992208480835,0.04582937806844711
1772614462868145200,1.197145263671875,-0.026288682594895363,0.04183864966034889,0.0722147524356842
1772614462878212000,1.207212158203125,-0.020516280084848404,0.03961437940597534,0.09198606014251709
1772614462888279300,1.217279296875,-0.014554563909769058,0.022716974839568138,0.09270355850458145
1772614462898346200,1.22734619140625,-0.012592080980539322,0.002865504939109087,0.07915233075618744
1772614462908413200,1.2374130859375,0.000060297432355582714,-0.001230752794072032,0.05755525827407837
1772614462918480100,1.247480224609375,0.003051559906452894,0.0065760379657149315,0.0385512076318264
1772614462928547000,1.257547119140625,0.009788993746042252,0.010491130873560905,0.010973170399665833
1772614462938614000,1.267614013671875,0.012041761539876461,0.009441579692065716,-0.014667477458715439
1772614462948681200,1.27768115234375,0.005118105560541153,-0.001037239795550704,-0.02885907143354416
1772614462958748200,1.287748046875,0.0009292191825807095,-0.0015589527320116758,-0.041003886610269547
1772614462968815000,1.297815185546875,-0.006296398118138313,0.007295486517250538,-0.0498632974922657
1772614462978882000,1.307882080078125,-0.024793384596705437,0.023754354566335678,-0.05091764032840729
1772614462988948200,1.3179482421875,-0.041815340518951416,0.050853993743658066,-0.04031281918287277
1772614462999015200,1.32801513671875,-0.051204316318035126,0.0678769201040268,-0.02429203875362873
1772614463009082000,1.33808203125,-0.046136464923620224,0.05708573758602142,-0.01051421370357275
1772614463019149000,1.348149169921875,-0.028575045987963676,0.034051790833473206,0.013480334542691708
1772614463029216300,1.35821630859375,-0.006897541228681803,0.0070812697522342205,0.03147834911942482
1772614463039283200,1.368283203125,0.016707386821508408,-0.0158900935202837,0.04536566883325577
1772614463049350100,1.37835009765625,0.028558649122714996,-0.024434007704257965,0.05495425686240196
1772614463059417900,1.38841796875,0.03291824087500572,-0.02608996070921421,0.0556781068444252
1772614463069485000,1.398485107421875,0.03274540230631828,-0.028519030660390854,0.04085521772503853
1772614463079552300,1.40855224609375,0.02598603628575802,-0.022517064586281776,0.017705688253045082
1772614463089619200,1.418619140625,0.02344248816370964,-0.006620743777602911,-0.013296748511493206
1772614463099686100,1.42868603515625,0.007586292922496796,0.022523559629917145,-0.037569064646959305
1772614463109752000,1.438751953125,-0.022298842668533325,0.05181923881173134,-0.03386275842785835
1772614463119819300,1.4488193359375,-0.045531194657087326,0.0810018926858902,-0.012765995226800442
1772614463129886200,1.45888623046875,-0.05795107036828995,0.08873188495635986,0.022152889519929886
1772614463139953200,1.468953125,-0.05036398768424988,0.0763481855392456,0.05594600737094879
1772614463150020000,1.47902001953125,-0.03081599436700344,0.04833473637700081,0.08378617465496063
1772614463160087000,1.489087158203125,-0.012393311597406864,0.004428000655025244,0.09387156367301941
1772614463170154000,1.499154052734375,0.011267283000051975,-0.03140377625823021,0.0809854194521904
1772614463180221200,1.50922119140625,0.03393930569291115,-0.04507457837462425,0.05554291233420372
1772614463190288100,1.5192880859375,0.04836118593811989,-0.04316125437617302,0.014611706137657166
1772614463200355000,1.52935498046875,0.049306873232126236,-0.033780537545681,-0.0267607681453228
1772614463210422000,1.539422119140625,0.04819098114967346,-0.01755223050713539,-0.0531199611723423
1772614463220489000,1.549489013671875,0.03548850119113922,0.0031037807930260897,-0.051159873604774475
1772614463230556000,1.559555908203125,0.01030721329152584,0.01225102785974741,-0.027574077248573303
1772614463240622000,1.5696220703125,-0.011834840290248394,0.007799820508807898,-0.0014303589705377817
1772614463250689000,1.57968896484375,-0.0266876257956028,0.002202693372964859,0.019650297239422798
1772614463260756000,1.589755859375,-0.027805620804429054,-0.007058183662593365,0.027288509532809258
1772614463270823000,1.599822998046875,-0.01835053227841854,-0.009961728006601334,0.0183427631855011
1772614463280890000,1.60989013671875,-0.010325362905859947,0.006829502061009407,0.014895567670464516
1772614463290957000,1.61995703125,-0.016181351616978645,0.020125778391957283,-0.002331932308152318
1772614463301024000,1.63002392578125,-0.017794162034988403,0.024394292384386063,-0.008035624399781227
1772614463311091000,1.640091064453125,-0.008305689319968224,0.02512558549642563,-0.0030118718277662992
1772614463321158100,1.650158203125,0.006142492406070232,0.01156157348304987,0.0030697230249643326
1772614463331225000,1.66022509765625,0.017001498490571976,0.00027531455270946026,0.012201528996229172
1772614463341292000,1.6702919921875,0.029044046998023987,-0.00862204097211361,0.01628016121685505
1772614463351359200,1.680359130859375,0.03019995428621769,-0.005878965370357037,0.01582256704568863
1772614463361425200,1.690425048828125,0.02587924338877201,-0.004015019163489342,0.012239018455147743
1772614463371492000,1.7004921875,0.019386818632483482,0.021478375419974327,0.013253089040517807
1772614463381559000,1.71055908203125,0.0037018652074038982,0.05350795015692711,0.015360181219875813
1772614463391626200,1.720626220703125,-0.005463127046823502,0.0761374831199646,0.02391759306192398
1772614463401693200,1.730693115234375,-0.012113306671380997,0.08871851861476898,0.029359763488173485
1772614463411760000,1.740760009765625,-0.004663014784455299,0.09793440997600555,0.02538200095295906
1772614463421827000,1.7508271484375,0.0049209026619791985,0.11054980009794235,0.012643036432564259
1772614463431894000,1.76089404296875,0.007052460685372353,0.10537456721067429,-0.004624588415026665
1772614463441961000,1.7709609375,0.006513969041407108,0.08217150717973709,-0.014819702133536339
1772614463452028200,1.781028076171875,-0.002415707567706704,0.05432521551847458,-0.01863035559654236
1772614463462095000,1.79109521484375,-0.012455292046070099,0.024810731410980225,-0.020276987925171852
1772614463472162000,1.801162109375,-0.013127504847943783,0.009892178699374199,-0.01833028718829155
1772614463482229000,1.81122900390625,-0.01656324975192547,0.002143977442756295,-0.024308284744620323
1772614463492295000,1.821294921875,-0.012884127907454967,0.004397236742079258,-0.030063651502132416
1772614463502362000,1.831362060546875,0.0013507340336218476,0.018194541335105896,-0.04301593452692032
1772614463512429000,1.841428955078125,0.01662486232817173,0.023810498416423798,-0.04521731659770012
1772614463522496000,1.85149609375,0.028796041384339333,0.02232791669666767,-0.04427562281489372
1772614463532563000,1.86156298828125,0.0429302379488945,0.011563539505004883,-0.03178443759679794
1772614463542630000,1.8716298828125,0.052463021129369736,0.005601254291832447,-0.015625709667801857
1772614463552696800,1.88169677734375,0.049938708543777466,0.008278694935142994,-0.0026885641273111105
1772614463562764300,1.891764404296875,0.04971820116043091,0.0018490254878997803,0.006062317173928022
1772614463572831200,1.901831298828125,0.06014184653759003,-0.0006855926476418972,0.0014105286682024598
1772614463582898200,1.911898193359375,0.07992727309465408,-0.01046472042798996,-0.006313171237707138
1772614463592965000,1.921965087890625,0.09392200410366058,-0.005792176816612482,-0.024266762658953667
1772614463603032000,1.932031982421875,0.10277967900037766,-0.010442588478326797,-0.034477319568395615
1772614463613098200,1.94209814453125,0.0972181037068367,-0.022799409925937653,-0.03152940794825554
1772614463623165200,1.952165283203125,0.09206514805555344,-0.03914162889122963,-0.020428020507097244
1772614463633232100,1.962232177734375,0.08497286587953568,-0.06037135422229767,0.0015904923202469945
1772614463643299000,1.972299072265625,0.07536045461893082,-0.0760674923658371,0.026981867849826813
1772614463653366000,1.982365966796875,0.07289398461580276,-0.02829517424106598,0.06605695933103561
1772614463663433000,1.992432861328125,0.07400266081094742,-0.01957358978688717,0.07380595803260803
1772614463673500200,2.002500244140625,0.0726049393415451,-0.05214153602719307,0.0794508159160614
1772614463683567000,2.012567138671875,0.042871538549661636,-0.04594649001955986,0.10120964050292969
1772614463693634000,2.022634033203125,0.015403572469949722,-0.024587087333202362,0.12399622052907944
1772614463703701000,2.032700927734375,-0.006618639454245567,-0.06440986692905426,0.12705273926258087
1772614463713768000,2.042767822265625,-0.031004175543785095,-0.10567852109670639,0.1351172924041748
1772614463723835000,2.0528349609375,-0.06364787369966507,-0.11651331931352615,0.12817123532295227
1772614463733902000,2.062902099609375,-0.08816216886043549,-0.09412277489900589,0.09575945138931274
1772614463743968000,2.072968017578125,-0.0953122228384018,-0.050109513103961945,0.035161346197128296
1772614463754035000,2.083034912109375,-0.06989271193742752,0.04062889143824577,-0.03251510486006737
1772614463764102000,2.093101806640625,-0.04590349644422531,0.19780118763446808,-0.0850456953048706
1772614463774169000,2.103169189453125,-0.028015075251460075,0.2850341796875,-0.1133008822798729
1772614463784236000,2.113236083984375,-0.022475700825452805,0.29033973813056946,-0.12253992259502411
1772614463794303000,2.123302978515625,-0.03542585298418999,0.2483813762664795,-0.09055935591459274
1772614463804370200,2.1333701171875,-0.060796432197093964,0.10244379937648773,-0.02770153433084488
1772614463814437000,2.14343701171875,-0.11779456585645676,0.025565244257450104,0.05283491685986519
1772614463824504000,2.153504150390625,-0.14348182082176208,-0.07282897084951401,0.10815676301717758
1772614463834571000,2.163571044921875,-0.16400982439517975,-0.07877038419246674,0.13867253065109253
1772614463844638200,2.17363818359375,-0.16670174896717072,-0.1084369346499443,0.13472333550453186
1772614463854705200,2.183705078125,-0.16221868991851807,-0.1006486564874649,0.13150668144226074
1772614463864771000,2.19377099609375,-0.15047334134578705,-0.03611680120229721,0.1340729147195816
1772614463874838000,2.203838134765625,-0.12048269063234329,0.018187321722507477,0.12232138961553574
1772614463884905200,2.2139052734375,-0.12249205261468887,0.014147305861115456,0.08706193417310715
1772614463894972200,2.22397216796875,-0.15945251286029816,0.11366799473762512,0.10102490335702896
1772614463905039000,2.2340390625,-0.16068635880947113,0.18072772026062012,0.11162508279085159
1772614463915106000,2.24410595703125,-0.17428885400295258,0.18619945645332336,0.0932999849319458
1772614463925173000,2.254173095703125,-0.18762756884098053,0.3143361210823059,0.11692062020301819
1772614463935240000,2.264239990234375,-0.1770358830690384,0.22962701320648193,0.1485833376646042
1772614463945307100,2.27430712890625,-0.19139963388442993,0.1407807618379593,0.2448590099811554
1772614463955374000,2.2843740234375,-0.21044661104679108,-0.12404801696538925,0.33159613609313965
1772614463965441000,2.29444091796875,-0.25297248363494873,-0.2836478054523468,0.4102318286895752
1772614463975508000,2.304508056640625,-0.24858324229717255,-0.3309975862503052,0.44195619225502014
1772614463985574000,2.314573974609375,-0.20302587747573853,-0.22049158811569214,0.4140816628932953
1772614463995641000,2.32464111328125,-0.14520831406116486,-0.07217498123645782,0.31595277786254883
1772614464005708000,2.3347080078125,-0.11939749121665955,0.042010705918073654,0.2070492058992386
1772614464015775000,2.34477490234375,-0.11965824663639069,0.14402425289154053,0.1354357898235321
1772614464025842000,2.354842041015625,-0.12023375928401947,0.20416668057441711,0.09404200315475464
1772614464035909000,2.3649091796875,-0.12786513566970825,0.24791587889194489,0.08687093108892441
1772614464045976000,2.37497607421875,-0.13072536885738373,0.21812336146831512,0.10650615394115448
1772614464056043300,2.385043212890625,-0.14259763062000275,0.14363428950309753,0.15273766219615936
1772614464066110500,2.3951103515625,-0.15270166099071503,0.08978915959596634,0.21276265382766724
1772614464076177400,2.405177490234375,-0.1534683108329773,0.037362802773714066,0.23629096150398254
1772614464086244400,2.415244384765625,-0.150891974568367,0.03387698903679848,0.22742876410484314
1772614464096311300,2.425311279296875,-0.1379183828830719,0.09628403931856155,0.19349828362464905
1772614464106377500,2.43537744140625,-0.11308839917182922,0.15249964594841003,0.14908553659915924
1772614464116444400,2.4454443359375,-0.12127465009689331,0.1976257562637329,0.11979097872972488
1772614464126511400,2.455511474609375,-0.11835236102342606,0.18764369189739227,0.09471172094345093
1772614464136578300,2.465578369140625,-0.12428142875432968,0.18250635266304016,0.09191026538610458
1772614464146645200,2.475645263671875,-0.1314501166343689,0.12255007028579712,0.10804316401481628
1772614464156712200,2.485712158203125,-0.13049037754535675,0.044074203819036484,0.11848911643028259
1772614464166779400,2.495779296875,-0.11462567001581192,0.0367683544754982,0.11259474605321884
1772614464176846300,2.505846435546875,-0.08573609590530396,0.030153527855873108,0.10112786293029785
1772614464186913300,2.515913330078125,-0.061112239956855774,0.019903553649783134,0.09026509523391724
1772614464196980200,2.525980224609375,-0.03303913772106171,0.03433313965797424,0.07364142686128616
1772614464207047200,2.536047119140625,-0.02265467308461666,0.0672447457909584,0.07210131734609604
1772614464217114000,2.546114013671875,-0.024057753384113312,0.08051374554634094,0.08113843202590942
1772614464227180300,2.55618017578125,-0.03712109103798866,0.08103945106267929,0.10542965680360794
1772614464237247200,2.566247314453125,-0.05386718362569809,0.08405102044343948,0.12776967883110046
1772614464247314200,2.576314208984375,-0.07225604355335236,0.07443807274103165,0.13528166711330414
1772614464257381000,2.586381103515625,-0.07130462676286697,0.06451652944087982,0.12182092666625977
1772614464267448000,2.596447998046875,-0.055304087698459625,0.044736433774232864,0.08755296468734741
1772614464277515300,2.606515380859375,-0.043596263974905014,0.034666795283555984,0.06122337281703949
1772614464287582200,2.616582275390625,-0.033138033002614975,0.02387699857354164,0.041569508612155914
1772614464297649400,2.6266494140625,-0.025981424376368523,0.009105774573981762,0.04864192381501198
1772614464307716400,2.63671630859375,-0.011279175989329815,-0.021299801766872406,0.04877854511141777
1772614464317783300,2.646783203125,-0.012403992004692554,0.011215541511774063,0.04183278605341911
1772614464327850200,2.656850341796875,-0.025141891092061996,0.052637018263339996,0.03056788071990013
1772614464337917400,2.66691748046875,-0.03688536584377289,0.08213631808757782,0.021157868206501007
1772614464347984400,2.676984375,-0.049873337149620056,0.10581395030021667,0.019295252859592438
1772614464358050300,2.68705029296875,-0.049560483545064926,0.10486976057291031,0.025999680161476135
1772614464368117200,2.6971171875,-0.04183997958898544,0.058040738105773926,0.04433074966073036
1772614464378184200,2.70718408203125,-0.023978790268301964,0.008066372945904732,0.05700821056962013
1772614464388251400,2.71725146484375,0.004845667630434036,-0.020682984963059425,0.051972441375255585
1772614464398318300,2.727318359375,0.037022244185209274,-0.031073307618498802,0.03010096400976181
1772614464408385300,2.73738525390625,0.059040993452072144,-0.029776612296700478,0.021810276433825493
1772614464418452200,2.7474521484375,0.055252548307180405,-0.02381701022386551,0.02761683240532875
1772614464428519200,2.757519287109375,0.03664504364132881,-0.014809135347604752,0.043952398002147675
1772614464438586000,2.767586181640625,-0.0003005577018484473,-0.0038791371043771505,0.0534050352871418
1772614464448653300,2.7776533203125,-0.02354862168431282,0.03038615733385086,0.04752344265580177
1772614464458720300,2.78772021484375,-0.02919469214975834,0.049477580934762955,0.024627385661005974
1772614464468787200,2.797787109375,-0.03155478462576866,0.03405015543103218,0.011556057259440422
1772614464478854100,2.807854248046875,-0.029479721561074257,0.006794070824980736,0.002414899878203869
1772614464488920300,2.81792041015625,-0.011621363461017609,-0.004671902395784855,0.002125680446624756
1772614464498987300,2.8279873046875,0.01695934869349003,-0.007676846347749233,0.0027232165448367596
1772614464509054200,2.83805419921875,0.023131756111979485,-0.017465827986598015,0.003415105864405632
1772614464519121200,2.84812109375,0.01785939931869507,-0.015281789004802704,0.007815774530172348
1772614464529188000,2.85818798828125,0.028852928429841995,-0.006146347150206566,0.004149399697780609
1772614464539255300,2.86825537109375,0.039354510605335236,-0.019757740199565887,0.005668003577739
1772614464549322200,2.878322265625,0.0438360795378685,-0.051699161529541016,0.002011749427765608
1772614464559389400,2.888389404296875,0.028769375756382942,-0.017746848985552788,-0.01677200198173523
1772614464569456400,2.898456298828125,0.015796318650245667,0.04667821526527405,-0.03554968535900116
1772614464579523300,2.9085234375,0.010071057826280594,0.06870188564062119,-0.03360659256577492
1772614464589590300,2.91859033203125,0.00029086507856845856,0.048240553587675095,-0.010751076973974705
1772614464599657200,2.9286572265625,-0.004726603627204895,0.03340718895196915,0.010705304332077503
1772614464609723400,2.938723388671875,0.008685075677931309,0.01976967230439186,0.016471046954393387
1772614464619790300,2.948790283203125,0.012258078902959824,-0.011804092675447464,0.020108474418520927
1772614464629857300,2.958857177734375,0.014184876345098019,-0.026980381458997726,0.013319011777639389
1772614464639924200,2.96892431640625,0.03142671287059784,-0.01571495458483696,-0.003707797732204199
1772614464649991200,2.9789912109375,0.038313914090394974,0.0008885245770215988,-0.011295676231384277
1772614464660058400,2.989058349609375,0.034623198211193085,0.024860572069883347,-0.008396751247346401
1772614464670125300,2.999125244140625,0.02539454773068428,0.03574863821268082,0.001547225401736796
1772614464680192300,3.009192138671875,0.025454774498939514,0.039167243987321854,0.011507237330079079
1772614464690259200,3.01925927734375,0.03072010912001133,0.039295610040426254,0.01989006996154785
1772614464700326100,3.029326171875,0.019474944099783897,0.0323014035820961,0.014236514456570148
1772614464710393000,3.03939306640625,0.009002328850328922,0.030709899961948395,0.013329441659152508
1772614464720460300,3.049460205078125,0.01008766982704401,0.0380927249789238,0.014632295817136765
1772614464730526200,3.059526123046875,0.024365408346056938,0.03744158148765564,0.007570658810436726
1772614464740593200,3.06959326171875,0.04241931065917015,0.034052811563014984,0.017056917771697044
1772614464750660000,3.07966015625,0.04397992417216301,0.016404306516051292,0.028190795332193375
1772614464760727000,3.08972705078125,0.03387005999684334,0.0040188017301261425,0.036859456449747086
1772614464770794200,3.099794189453125,0.036315642297267914,-0.0077401199378073215,0.03296671435236931
1772614464780861400,3.109861328125,0.035044651478528976,-0.008857522159814835,0.010434182360768318
1772614464790928400,3.119928466796875,0.02513955719769001,0.010686618275940418,-0.016248026862740517
1772614464800995300,3.129995361328125,0.018087336793541908,0.029496416449546814,-0.03278424218297005
1772614464811062300,3.140062255859375,0.021844524890184402,0.028158975765109062,-0.030674219131469727
1772614464821129200,3.150129150390625,0.036682385951280594,-0.007946724072098732,-0.014890742488205433
1772614464831196400,3.160196533203125,0.029459357261657715,-0.04158058390021324,-0.0013506985269486904
1772614464841263400,3.170263427734375,0.008072154596447945,-0.035593658685684204,0.006755507085472345
1772614464851330300,3.180330322265625,-0.003063587239012122,-0.011504832655191422,0.008225572295486927
1772614464861396200,3.190396240234375,0.0015199792105704546,-0.01489929761737585,0.008478572592139244
1772614464871463400,3.20046337890625,0.023005297407507896,-0.044477429240942,0.009604024700820446
1772614464881530400,3.2105302734375,0.040580056607723236,-0.07012281566858292,0.011531166732311249
1772614464891597300,3.220597412109375,0.028828591108322144,-0.05612950026988983,-0.001499680569395423
1772614464901664300,3.230664306640625,0.003439481370151043,-0.01802905648946762,-0.01961194910109043
1772614464911731200,3.240731201171875,-0.032559797167778015,0.020812351256608963,-0.028858443722128868
1772614464921798100,3.250798095703125,-0.06443297117948532,0.06356443464756012,-0.039169494062662125
1772614464931865000,3.260864990234375,-0.06871666759252548,0.08419514447450638,-0.041703492403030396
1772614464941932300,3.270932373046875,-0.04651206359267235,0.07148835808038712,-0.02369653433561325
1772614464951999200,3.280999267578125,-0.021213101223111153,0.03471063822507858,0.0032099145464599133
1772614464962066200,3.291066162109375,-0.006189805455505848,0.016469109803438187,0.022991547361016273
1772614464972133000,3.301133056640625,0.012546065263450146,0.010759824886918068,0.03206094354391098
1772614464982199300,3.31119921875,0.02834380231797695,-0.000141489552333951,0.03856688737869263
1772614464992266200,3.321266357421875,0.04029393941164017,-0.013857568614184856,0.0333406999707222
1772614465002333200,3.331333251953125,0.04114445298910141,-0.012882199138402939,0.02437198907136917
1772614465012400000,3.341400146484375,0.039838436990976334,-0.0063337539322674274,0.006030530668795109
1772614465022467300,3.35146728515625,0.0361250638961792,-0.010782238095998764,-0.008637685328722
1772614465032534300,3.3615341796875,0.019667793065309525,-0.023433851078152657,-0.013171451166272163
1772614465042601500,3.3716015625,0.007743621710687876,-0.014221780002117157,-0.011651957407593727
1772614465052668400,3.38166845703125,0.014532819390296936,-0.0038208032492548227,-0.0102884192019701
1772614465062735000,3.391735107421875,0.024578958749771118,-0.005925776436924934,-0.004208460450172424
1772614465072802000,3.401802001953125,0.02098741941154003,0.007910942658782005,-0.002003096742555499
1772614465082869000,3.411868896484375,0.027965659275650978,0.026140771806240082,-0.0010121333179995418
1772614465092936000,3.42193603515625,0.030767038464546204,0.027130402624607086,0.006107561755925417
1772614465103003100,3.432003173828125,0.026857195422053337,0.018575148656964302,0.015775218605995178
1772614465113069000,3.442069091796875,0.03271082416176796,0.009752629324793816,0.019969431683421135
1772614465123136000,3.452135986328125,0.03327591344714165,-0.0022552190348505974,0.020654013380408287
1772614465133203000,3.462202880859375,0.019615227356553078,-0.0032507088035345078,0.012314323335886002
1772614465143270100,3.472270263671875,0.015520475804805756,0.011002881452441216,0.004636337049305439
1772614465153337300,3.48233740234375,0.023164546117186546,0.011267599649727345,-0.001788006629794836
1772614465163404300,3.492404296875,0.02683182805776596,-0.02170991711318493,-0.009197373874485493
1772614465173471200,3.50247119140625,0.01918536052107811,-0.02015196904540062,-0.02312277816236019
1772614465183538200,3.5125380859375,0.011570350266993046,0.028964493423700333,-0.030546698719263077
1772614465193605000,3.522605224609375,0.00381762208417058,0.05693221092224121,-0.024385208263993263
1772614465203672000,3.532672119140625,0.012638545595109463,0.04364156723022461,-0.01255752518773079
1772614465213739300,3.5427392578125,0.04495520517230034,0.02764156460762024,-0.00424313684925437
1772614465223806200,3.55280615234375,0.0838322564959526,0.012777896597981453,-0.001710834912955761
1772614465233872100,3.5628720703125,0.09054075926542282,-0.013399645686149597,0.0018956178100779653
1772614465243939000,3.57293896484375,0.06704053282737732,-0.00223857001401484,0.0035830941051244736
1772614465254006300,3.58300634765625,0.04718507081270218,0.020600700750947,-0.0070383911952376366
1772614465264073200,3.5930732421875,0.04059940204024315,0.02860640548169613,-0.013624193146824837
1772614465274140200,3.60314013671875,0.054406825453042984,0.02126620151102543,-0.022531667724251747
1772614465284207000,3.61320703125,0.06133560463786125,-0.020286783576011658,-0.012963823042809963
1772614465294274000,3.623274169921875,0.021090181544423103,-0.06483827531337738,0.004136600531637669
1772614465304341000,3.633341064453125,-0.03787216916680336,-0.05092121660709381,0.014326075091958046
1772614465314408000,3.643407958984375,-0.07140456140041351,0.011209268122911453,-0.0036401418037712574
1772614465324475100,3.65347509765625,-0.07630357891321182,0.07365740835666656,-0.0242561437189579
1772614465334542000,3.6635419921875,-0.06529860198497772,0.09005741775035858,-0.03711201995611191
1772614465344609300,3.673609375,-0.04564943164587021,0.06430758535861969,-0.041222840547561646
1772614465354676200,3.68367626953125,-0.016425231471657753,0.011860361322760582,-0.03855408728122711
1772614465364742100,3.6937421875,0.0037509093526750803,-0.03533879294991493,-0.023577896878123283
1772614465374809000,3.70380908203125,0.021725915372371674,-0.05440649390220642,-0.012760136276483536
1772614465384876300,3.713876220703125,0.02794482931494713,-0.061453238129615784,0.000389818218536675
1772614465394943200,3.723943115234375,0.02446567639708519,-0.07227658480405807,0.014945059083402157
1772614465405010200,3.73401025390625,0.024695206433534622,-0.06576094776391983,0.011667599901556969
1772614465415077000,3.7440771484375,0.02553090639412403,-0.018908221274614334,0.0008202785393223166
1772614465425144300,3.754144287109375,0.023527812212705612,0.009344651363790035,-0.008947238326072693
1772614465435211300,3.764211181640625,0.014324193820357323,0.020938990637660027,-0.00358815910294652
1772614465445278200,3.7742783203125,0.0058660926297307014,0.03996836021542549,0.00597998034209013
1772614465455345200,3.78434521484375,-0.007501112297177315,0.041730307042598724,0.020237745717167854
1772614465465412000,3.794412109375,-0.019768396392464638,0.018717844039201736,0.04074085131287575
1772614465475479000,3.80447900390625,-0.022630227729678154,-0.0005354783497750759,0.04425648972392082
1772614465485545200,3.814545166015625,-0.012412916868925095,-0.017163429409265518,0.04021790623664856
1772614465495612200,3.824612060546875,0.001587320351973176,-0.026420043781399727,0.03214826062321663
1772614465505679000,3.83467919921875,0.01598912477493286,-0.029332390055060387,0.014788496308028698
1772614465515746000,3.84474609375,0.025930171832442284,-0.027329958975315094,0.0003126171650364995
1772614465525813000,3.85481298828125,0.020257439464330673,-0.025692814961075783,-0.012257957831025124
1772614465535880200,3.864880126953125,-0.00021241465583443642,-0.0009009160567075014,-0.01884608529508114
1772614465545947100,3.874947021484375,-0.012892516329884529,0.01917850971221924,-0.019554926082491875
1772614465556014000,3.88501416015625,-0.017920298501849174,0.021281342953443527,-0.009806424379348755
1772614465566081000,3.8950810546875,-0.024425139650702477,0.010222339071333408,0.011687821708619595
1772614465576148000,3.90514794921875,-0.015869734808802605,0.005946634337306023,0.02028823457658291
1772614465586215200,3.915215087890625,0.001371408230625093,0.002815832616761327,0.03254040330648422
1772614465596282400,3.925282470703125,0.01661454327404499,-0.022069543600082397,0.04189715534448624
1772614465606348000,3.93534814453125,0.009533432312309742,-0.03243901580572128,0.03416481241583824
1772614465616415000,3.9454150390625,-0.014137275516986847,-0.0012912147212773561,0.018171198666095734
1772614465626482200,3.955482177734375,-0.024964656680822372,0.027364477515220642,0.013562212698161602
1772614465636549000,3.965549072265625,-0.03047819994390011,0.013800466433167458,0.0213967002928257
1772614465646616300,3.9756162109375,-0.03017680160701275,-0.017263397574424744,0.035179395228624344
1772614465656683300,3.985683349609375,-0.0121954046189785,-0.009592694230377674,0.031690385192632675
1772614465666750200,3.995750244140625,0.005637886933982372,0.023272793740034103,0.007492999080568552
1772614465676817200,4.005817138671875,0.0015014649834483862,0.025108246132731438,-0.006376744247972965
1772614465686884000,4.015884033203125,-0.01793075166642666,0.006105220876634121,-0.00403436878696084
1772614465696951000,4.025950927734375,-0.03338747099041939,0.001878518145531416,0.005459268111735582
1772614465707018200,4.036018310546875,-0.030536791309714317,0.0012511268723756075,0.004387517925351858
1772614465717085200,4.046085205078125,-0.016325630247592926,-0.0011832688469439745,0.000928071909584105
1772614465727152000,4.056152099609375,0.00017747969832271338,-0.0003762815613299608,-0.008430901914834976
1772614465737218000,4.066218017578125,0.008843671530485153,0.0006064248736947775,-0.017734389752149582
1772614465747285200,4.07628515625,0.004890007898211479,-0.00982973538339138,-0.021603932604193687
1772614465757352200,4.086352294921875,-0.006033480167388916,-0.019495146349072456,-0.013756928034126759
1772614465767419100,4.096419189453125,-0.01793321967124939,-0.012376012280583382,-0.009816216304898262
1772614465777486000,4.106486083984375,-0.01920434646308422,0.002149133710190654,-0.010838603600859642
1772614465787553000,4.116552978515625,-0.014432663097977638,0.015691060572862625,-0.015590810216963291
1772614465797620000,4.126619873046875,-0.007648793514817953,0.02583237737417221,-0.021239640191197395
1772614465807687200,4.136687255859375,-0.005933717824518681,0.025617459788918495,-0.017010806128382683
1772614465817754000,4.146754150390625,0.0023678881116211414,-0.0035047379788011312,-0.007283344864845276
1772614465827821300,4.1568212890625,0.0010108769638463855,-0.029973965138196945,0.008084314875304699
1772614465837888300,4.16688818359375,-0.0003438730491325259,-0.04358990862965584,0.012489981949329376
1772614465847955200,4.176955078125,-0.010140549391508102,-0.03467079624533653,0.012668808922171593
1772614465858021400,4.187021484375,-0.010620716959238052,-0.012177737429738045,0.006235676817595959
1772614465868088300,4.19708837890625,-0.005555210169404745,0.01665535382926464,-0.004666932858526707
1772614465878155300,4.2071552734375,-0.0011660543968901038,0.02339288406074047,-0.005995850078761578
1772614465888222200,4.21722216796875,0.002892704214900732,0.010071900673210621,0.005861060228198767
1772614465898289200,4.2272890625,-0.00004689290653914213,-0.016709113493561745,0.02472582831978798
1772614465908356000,4.237356201171875,-0.00967608205974102,-0.023387126624584198,0.03566534444689751
1772614465918423300,4.24742333984375,-0.009183131158351898,-0.014544633217155933,0.036913033574819565
1772614465928490200,4.257490234375,-0.006170429289340973,-0.02165400981903076,0.03229926899075508
1772614465938557200,4.26755712890625,-0.008645571768283844,-0.029538830742239952,0.02399340085685253
1772614465948624100,4.2776240234375,-0.0038076103664934635,-0.0183143001049757,0.007181377615779638
1772614465958691000,4.287691162109375,0.0022777128033339977,-0.0032019258942455053,-0.010472984053194523
1772614465968758000,4.297758056640625,0.000764204771257937,-0.0021417704410851,-0.017635194584727287
1772614465978825200,4.3078251953125,-0.009349149651825428,0.007065842859447002,-0.020975863561034203
1772614465988891100,4.31789111328125,-0.012558234855532646,0.02040034905076027,-0.01726946048438549
1772614465998958000,4.3279580078125,-0.0073453630320727825,0.006754842586815357,-0.003900657407939434
1772614466009025000,4.33802490234375,-0.005191551521420479,-0.014373352751135826,0.013480163179337978
1772614466019092000,4.348092041015625,-0.005763598717749119,-0.014911310747265816,0.020154576748609543
1772614466029159200,4.3581591796875,0.005123067647218704,-0.0036112042143940926,0.01701926626265049
1772614466039226000,4.36822607421875,0.011584961786866188,-0.023739641532301903,0.01587943360209465
1772614466049293000,4.37829296875,0.011236388236284256,-0.043371349573135376,0.01589238829910755
1772614466059359700,4.38835986328125,0.006110335700213909,-0.02648504637181759,0.0006918645231053233
1772614466069426700,4.3984267578125,0.010820203460752964,-0.007310452871024609,-0.014507515355944633
1772614466079494000,4.408493896484375,0.019880009815096855,-0.00997095089405775,-0.01911345310509205
1772614466089560800,4.418560791015625,0.011127267964184284,-0.01062183640897274,-0.020261704921722412
1772614466099627800,4.428627685546875,-0.00016267062164843082,0.02248445339500904,-0.0352848619222641
1772614466109693700,4.438693603515625,-0.0025379210710525513,0.055034738034009933,-0.04611755907535553
1772614466119760600,4.4487607421875,-0.008319110609591007,0.0390792079269886,-0.03993769362568855
1772614466129827800,4.458827880859375,-0.004145994782447815,-0.005347357131540775,-0.02177380584180355
1772614466139894800,4.468894775390625,0.0040464214980602264,-0.03098401241004467,-0.020436899736523628
1772614466149961700,4.478961669921875,0.016132544726133347,-0.04758177697658539,-0.016409121453762054
1772614466160028700,4.489028564453125,0.02210681326687336,-0.054426632821559906,-0.012702267616987228
1772614466170095900,4.499095947265625,0.014305384829640388,-0.038149747997522354,-0.018555937334895134
1772614466180162800,4.509162841796875,0.010533016175031662,0.0011537151876837015,-0.028373146429657936
1772614466190230000,4.51922998046875,0.002609312767162919,0.02822248823940754,-0.03003208339214325
1772614466200297000,4.529296875,-0.0004996615462005138,0.01249039638787508,-0.019901150837540627
1772614466210364000,4.539364013671875,0.00026952417101711035,-0.016148734837770462,-0.017409734427928925
1772614466220430800,4.549430908203125,-0.00004499510396271944,-0.04759427532553673,-0.020115772262215614
1772614466230497800,4.559497802734375,-0.00555993290618062,-0.07703189551830292,-0.03369520977139473
1772614466240564000,4.56956396484375,-0.012407185509800911,-0.08964276313781738,-0.05287769436836243
1772614466250631000,4.579630859375,-0.021767133846879005,-0.0773920863866806,-0.07272788137197495
1772614466260697900,4.58969775390625,-0.03228102624416351,-0.04553215950727463,-0.07843929529190063
1772614466270764800,4.599764892578125,-0.03291672468185425,-0.021543331444263458,-0.06839177012443542
1772614466280831700,4.609831787109375,-0.0269126296043396,-0.010915989056229591,-0.04449762403964996
1772614466290898700,4.619898681640625,-0.02403135783970356,-0.021585538983345032,-0.01937820203602314
1772614466300966000,4.6299658203125,-0.013696696609258652,-0.047056544572114944,0.013796795159578323
1772614466311032800,4.64003271484375,-0.007669629063457251,-0.0680336281657219,0.030594229698181152
1772614466321099800,4.650099853515625,-0.014232190325856209,-0.07544600963592529,0.034881651401519775
1772614466331166700,4.660166748046875,-0.03093832917511463,-0.06298448890447617,0.017916720360517502
1772614466341233700,4.670233642578125,-0.041374724358320236,-0.025202753022313118,-0.012983403168618679
1772614466351300600,4.680300537109375,-0.05019208416342735,0.028186189010739326,-0.044132862240076065
1772614466361366800,4.69036669921875,-0.05241422727704048,0.06470771878957748,-0.05483078211545944
1772614466371433700,4.700433837890625,-0.047863949090242386,0.06581425666809082,-0.037887219339609146
1772614466381500700,4.710500732421875,-0.03636341914534569,0.030310623347759247,0.004136367700994015
1772614466391567600,4.720567626953125,-0.02151094377040863,-0.013229605741798878,0.044803179800510406
1772614466401634800,4.730634765625,-0.005095218773931265,-0.0601332001388073,0.07743196934461594
1772614466411702000,4.740701904296875,0.01407444104552269,-0.09117038547992706,0.08713684231042862
1772614466421769000,4.75076904296875,0.025183286517858505,-0.10113433748483658,0.07851166278123856
1772614466431836000,4.7608359375,0.03630885109305382,-0.10086000710725784,0.059018444269895554
1772614466441902800,4.77090283203125,0.03640392795205116,-0.1133963093161583,0.03926737979054451
1772614466451969800,4.7809697265625,0.026618337258696556,-0.11643307656049728,0.012667864561080933
1772614466462036700,4.79103662109375,0.024399124085903168,-0.09197087585926056,-0.018908437341451645
1772614466472104000,4.80110400390625,0.01920393481850624,-0.06804715842008591,-0.04270481318235397
1772614466482171000,4.8111708984375,0.004133638925850391,-0.0652146190404892,-0.04619329050183296
1772614466492236800,4.82123681640625,-0.01977309212088585,-0.06427701562643051,-0.036835018545389175
1772614466502303700,4.8313037109375,-0.036592286080121994,-0.05115695297718048,-0.030021056532859802
1772614466512371000,4.841370849609375,-0.05536377802491188,-0.024473972618579865,-0.023766057565808296
1772614466522438000,4.85143798828125,-0.05718458071351051,0.008368661627173424,-0.028260141611099243
1772614466532504800,4.8615048828125,-0.04003266617655754,0.02328997664153576,-0.02736595831811428
1772614466542571800,4.87157177734375,-0.014197342097759247,-0.0016723652370274067,-0.01700599677860737
1772614466552638700,4.881638671875,0.010631653480231762,-0.03751136735081673,0.012099377810955048
1772614466562705700,4.89170556640625,0.013825848698616028,-0.06141963228583336,0.03806493058800697
1772614466572772900,4.90177294921875,0.01080565620213747,-0.06325080245733261,0.04474087804555893
1772614466582839800,4.91183984375,0.003377301152795553,-0.053533460944890976,0.031780071556568146
1772614466592906800,4.92190673828125,-0.007211632560938597,-0.03156759962439537,0.012124596163630486
1772614466602973700,4.9319736328125,-0.00914588663727045,-0.014063973911106586,-0.006401683669537306
1772614466613039600,4.94203955078125,-0.016998013481497765,-0.019562572240829468,-0.012412204407155514
1772614466623106800,4.95210693359375,-0.02798914536833763,-0.01667836867272854,-0.01341248769313097
1772614466633173800,4.962173828125,-0.03473084419965744,-0.0048371367156505585,-0.008397017605602741
1772614466643240700,4.97224072265625,-0.04530838504433632,-0.01784055307507515,0.00012243411038070917
1772614466653308000,4.982307861328125,-0.04820913076400757,-0.03057783842086792,0.0071775540709495544
1772614466663374800,4.992374755859375,-0.037535179406404495,-0.014308055862784386,-0.006154762580990791
1772614466673441800,5.00244189453125,-0.03127885237336159,0.003830120898783207,-0.02634539268910885
1772614466683509000,5.012509033203125,-0.019759347662329674,0.019659683108329773,-0.04410361498594284
1772614466693576000,5.022575927734375,-0.02092497982084751,0.024742908775806427,-0.04127463325858116
1772614466703643000,5.032642822265625,-0.027071023359894753,0.01332513801753521,-0.02971358597278595
1772614466713709800,5.042709716796875,-0.03311506658792496,0.011275037191808224,-0.013033942319452763
1772614466723776800,5.05277685546875,-0.044296883046627045,0.015270844101905823,-0.007543302606791258
1772614466733843700,5.06284375,-0.059021931141614914,0.01911286823451519,-0.014571401290595531
1772614466743910000,5.072909912109375,-0.0629117414355278,0.03342629596590996,-0.026355888694524765
1772614466753976800,5.082976806640625,-0.06040731072425842,0.06495372951030731,-0.03545675426721573
1772614466764043800,5.093043701171875,-0.06128828600049019,0.0844760313630104,-0.038685571402311325
1772614466774110700,5.10311083984375,-0.06257851421833038,0.08322617411613464,-0.032718367874622345
1772614466784177700,5.113177734375,-0.06263497471809387,0.07183530181646347,-0.02698165364563465
1772614466794244900,5.123244873046875,-0.0514364093542099,0.05579768866300583,-0.016235869377851486
1772614466804311800,5.133311767578125,-0.026384053751826286,0.024647757411003113,0.006770911626517773
1772614466814378800,5.143378662109375,0.0005421671085059643,-0.018553007394075394,0.026909496635198593
1772614466824445700,5.15344580078125,0.0286377165466547,-0.0685804933309555,0.05402633547782898
1772614466834512600,5.1635126953125,0.03601883351802826,-0.11397726833820343,0.06255294382572174
1772614466844579600,5.17357958984375,0.020042527467012405,-0.11846576631069183,0.04638729244470596
1772614466854647000,5.18364697265625,-0.00542784109711647,-0.07778491079807281,0.009432235732674599
1772614466864712700,5.193712646484375,-0.031994469463825226,-0.015430716797709465,-0.036802370101213455
1772614466874779600,5.203779541015625,-0.04655460640788078,0.04333711043000221,-0.0868532732129097
1772614466884846800,5.213846923828125,-0.04774317517876625,0.08395831286907196,-0.12344324588775635
1772614466894913800,5.223913818359375,-0.04613801836967468,0.07597437500953674,-0.12685301899909973
1772614466904981000,5.23398095703125,-0.04224980250000954,0.03488020598888397,-0.10135379433631897
1772614466915048000,5.2440478515625,-0.037139732390642166,-0.01678098738193512,-0.0597696416079998
1772614466925115000,5.254114990234375,-0.023774657398462296,-0.05566926300525665,-0.016183018684387207
1772614466935181800,5.264181884765625,0.002543133683502674,-0.06600847840309143,0.025630006566643715
1772614466945248800,5.274248779296875,0.03183497488498688,-0.0559915266931057,0.04637949541211128
1772614466955315700,5.284315673828125,0.04272337630391121,-0.042299315333366394,0.0540635921061039
1772614466965383000,5.2943828125,0.03570088744163513,-0.009540040977299213,0.0347713902592659
1772614466975449900,5.304449951171875,0.027659229934215546,0.015141266398131847,0.004464906640350819
1772614466985516800,5.314516845703125,0.019830869510769844,0.0059160757809877396,-0.019096611067652702
1772614466995582700,5.324582763671875,0.004460570402443409,-0.022489801049232483,-0.03324849531054497
1772614467005650000,5.33464990234375,-0.007793964818120003,-0.05988617613911629,-0.04124729707837105
1772614467015716900,5.344716796875,-0.008208949118852615,-0.06217140704393387,-0.03768428415060043
1772614467025783800,5.35478369140625,-0.014044467359781265,-0.04774719104170799,-0.03223652392625809
1772614467035850800,5.364850830078125,-0.022134549915790558,-0.043371524661779404,-0.02306867577135563
1772614467045917700,5.374917724609375,-0.027781249955296516,-0.04661206156015396,-0.011146768927574158
1772614467055984600,5.384984619140625,-0.044557034969329834,-0.06120723858475685,0.0033178203739225864
1772614467066052000,5.395052001953125,-0.06112749129533768,-0.07746583968400955,0.00696422066539526
1772614467076118300,5.4051181640625,-0.0943850576877594,-0.09926966577768326,0.019920939579606056
1772614467086185200,5.415185302734375,-0.1269267499446869,-0.09296756237745285,0.04475145414471626
1772614467096252200,5.425252197265625,-0.11423595249652863,-0.09601536393165588,0.05850103870034218
1772614467106319000,5.435319091796875,-0.11324472725391388,-0.16371051967144012,0.051685210317373276
1772614467116386000,5.445385986328125,-0.13523437082767487,-0.1334337443113327,0.06318800896406174
1772614467126453200,5.455453369140625,-0.10214406996965408,-0.06410767138004303,0.026951979845762253
1772614467136520400,5.4655205078125,-0.05924803018569946,0.018363317474722862,-0.04119151085615158
1772614467146587400,5.47558740234375,-0.05630337446928024,0.12213925272226334,-0.08296959102153778
1772614467156654300,5.485654296875,-0.025977659970521927,0.12501351535320282,-0.13040462136268616
1772614467166721300,5.49572119140625,-0.012012043967843056,0.11627408862113953,-0.15541888773441315
1772614467176788200,5.505788330078125,-0.0211978480219841,0.06235966458916664,-0.16236954927444458
1772614467186855400,5.51585546875,-0.02420535683631897,0.015407604165375233,-0.15298216044902802
1772614467196922400,5.52592236328125,-0.008442407473921776,0.005220036022365093,-0.13978031277656555
1772614467206988300,5.53598828125,0.007047070190310478,0.018675923347473145,-0.12450388818979263
1772614467217055200,5.54605517578125,0.015739811584353447,0.016517477110028267,-0.1033889576792717
1772614467227122400,5.556122314453125,0.005558014381676912,0.014256720431149006,-0.06970423460006714
1772614467237189400,5.566189453125,-0.0005278975004330277,0.011117279529571533,-0.026282180100679398
1772614467247256300,5.57625634765625,-0.0023356513120234013,0.0024540163576602936,0.004113009199500084
1772614467257323300,5.5863232421875,-0.0026060594245791435,0.009985149838030338,0.02259594202041626
1772614467267390200,5.59639013671875,0.014352683909237385,0.0030050049535930157,0.029122550040483475
1772614467277457200,5.60645703125,0.04514868184924126,0.003909680992364883,0.026713188737630844
1772614467287524000,5.616524169921875,0.06335458159446716,-0.015136715024709702,0.020773539319634438
1772614467297591300,5.62659130859375,0.07388848066329956,-0.03634794428944588,0.011260634288191795
1772614467307658200,5.636658203125,0.08222869783639908,-0.043549664318561554,0.006388913840055466
1772614467317725200,5.64672509765625,0.07750631868839264,-0.02078559435904026,-0.0026467368006706238
1772614467327791000,5.656791015625,0.06510823965072632,0.029615262523293495,-0.02138553559780121
1772614467337858300,5.6668583984375,0.04084201529622078,0.0850244089961052,-0.03212117776274681
1772614467347925200,5.67692529296875,0.012850859202444553,0.10843652486801147,-0.03865977004170418
1772614467357992200,5.6869921875,-0.001996829640120268,0.11562114953994751,-0.03701304271817207
1772614467368059100,5.69705908203125,-0.004946280270814896,0.09900222718715668,-0.02942090481519699
1772614467378126300,5.707126220703125,-0.005723452195525169,0.07164905965328217,-0.013810236006975174
1772614467388193300,5.717193359375,-0.0018693252932280302,0.043068014085292816,0.0012110579991713166
1772614467398260500,5.727260498046875,0.008108774200081825,0.006493531167507172,0.021106218919157982
1772614467408327400,5.737327392578125,0.0013693788787350059,-0.008688084781169891,0.0325080081820488
1772614467418394400,5.747394287109375,-0.009284397587180138,-0.00846407376229763,0.0176804568618536
1772614467428461300,5.75746142578125,-0.011965934187173843,0.027692066505551338,-0.012207133695483208
1772614467438528300,5.7675283203125,-0.015772389248013496,0.04299725219607353,-0.03859772905707359
1772614467448595200,5.77759521484375,-0.02258901670575142,0.03269481286406517,-0.06150943413376808
1772614467458662100,5.787662109375,-0.013981414958834648,0.008717704564332962,-0.07749633491039276
1772614467468729300,5.797729248046875,-0.010129418224096298,0.001557263545691967,-0.09072905033826828
1772614467478796300,5.80779638671875,-0.014231385663151741,0.007095721550285816,-0.08651328086853027
1772614467488863200,5.81786328125,-0.016486283391714096,0.019089799374341965,-0.06898409128189087
1772614467498930200,5.82793017578125,-0.011329475790262222,0.022625893354415894,-0.03998231142759323
1772614467508996400,5.837996337890625,-0.006863621529191732,0.0392107293009758,-0.0035017996560782194
1772614467519063300,5.848063232421875,-0.0048386515118181705,0.01673256605863571,0.005786304362118244
1772614467529130200,5.858130126953125,-0.00035921460948884487,0.03644448518753052,0.0043532573617994785
1772614467539197200,5.868197265625,0.010054405778646469,0.05505965277552605,-0.007829575799405575
1772614467549264100,5.87826416015625,0.010660541243851185,0.06285952031612396,-0.015437162481248379
1772614467559331000,5.8883310546875,0.006380180828273296,0.042151372879743576,-0.004716404248028994
1772614467569398300,5.898398193359375,0.002749226987361908,0.008600869216024876,0.005984443239867687
1772614467579465200,5.90846533203125,0.003586753737181425,-0.027900326997041702,0.014977185986936092
1772614467589532400,5.918532470703125,0.0010468971449881792,-0.06105854734778404,0.03149570897221565
1772614467599599400,5.928599365234375,-0.002925766631960869,-0.069173663854599,0.03033268451690674
1772614467609666300,5.938666259765625,-0.004703693091869354,-0.0521605908870697,0.01256140973418951
1772614467619733200,5.948733154296875,-0.004703461192548275,-0.019763413816690445,-0.01056863646954298
1772614467629800200,5.95880029296875,-0.00201233709231019,0.004619424231350422,-0.021756043657660484
1772614467639866400,5.968866455078125,0.01094440370798111,0.031599413603544235,-0.023156993091106415
1772614467649933300,5.978933349609375,0.0213557668030262,0.038881827145814896,-0.03186899423599243
1772614467660000300,5.989000244140625,0.03545670583844185,0.022529391571879387,-0.029514430090785027
1772614467670067200,5.999067138671875,0.04250875860452652,-0.0033269738778471947,-0.03254084661602974
1772614467680134400,6.009134521484375,0.04686911031603813,-0.00927198026329279,-0.03274628147482872
1772614467690201300,6.019201416015625,0.048749301582574844,-0.0004167039878666401,-0.02805645763874054
1772614467700268300,6.029268310546875,0.035099778324365616,-0.009503338485956192,-0.034118905663490295
1772614467710335200,6.039335205078125,0.02146066538989544,0.016887789592146873,-0.03350424766540527
1772614467720402200,6.049402099609375,0.022468436509370804,0.041104502975940704,-0.024175917729735374
1772614467730469000,6.05946923828125,0.012609411962330341,0.04956003651022911,-0.007831300608813763
1772614467740536300,6.069536376953125,0.000602212268859148,0.0516088493168354,0.008340621367096901
1772614467750603300,6.079603271484375,-0.004776307847350836,0.05524832382798195,0.014530873857438564
1772614467760670200,6.089670166015625,0.001124967122450471,0.05344969779253006,0.011487916111946106
1772614467770736000,6.099736083984375,0.00312766432762146,0.051134344190359116,0.015689318999648094
1772614467780803300,6.10980322265625,0.0028411734383553267,0.025884883478283882,-0.00936167687177658
1772614467790870300,6.119870361328125,-0.003410330740734935,0.030839161947369576,-0.0302275437861681
1772614467800937200,6.129937255859375,-0.006096026860177517,0.047165147960186005,-0.059118010103702545
1772614467811004200,6.140004150390625,-0.007510697934776545,0.04556325823068619,-0.07339015603065491
1772614467821071000,6.150071044921875,-0.011566693894565105,0.031747981905937195,-0.07557506859302521
1772614467831138300,6.16013818359375,-0.005522383376955986,0.027724476531147957,-0.05019007995724678
1772614467841205200,6.170205322265625,-0.0048589399084448814,0.013193586841225624,-0.020559055730700493
1772614467851272400,6.1802724609375,0.0017515582730993629,0.009696323424577713,0.015430104918777943
1772614467861339400,6.19033935546875,0.010462175123393536,0.003452959703281522,0.036003392189741135
1772614467871406300,6.20040625,0.016376789659261703,0.005773372016847134,0.04681236669421196
1772614467881473300,6.210473388671875,0.01293009053915739,-0.008680048398673534,0.045262183994054794
1772614467891540200,6.220540283203125,0.008669299073517323,-0.01488521322607994,0.025948939844965935
1772614467901606400,6.2306064453125,0.001995521131902933,-0.008243012242019176,0.005600292701274157
1772614467911673300,6.24067333984375,-0.002098556375131011,0.01908847689628601,-0.027574703097343445
1772614467921740300,6.250740234375,-0.006277522072196007,0.0367373451590538,-0.04851239547133446
1772614467931807200,6.26080712890625,-0.0001368052326142788,0.044865578413009644,-0.05472741648554802
1772614467941874200,6.270874267578125,-0.005283762700855732,0.04629136621952057,-0.048641137778759
1772614467951941400,6.28094140625,0.0019608342554420233,0.02825270965695381,-0.027702828869223595
1772614467962008300,6.29100830078125,0.01795879937708378,-0.009845508262515068,0.0066863601095974445
1772614467972075300,6.3010751953125,0.024202845990657806,-0.06000082194805145,0.04382041469216347
1772614467982142200,6.31114208984375,0.02583630569279194,-0.08881590515375137,0.061591457575559616
1772614467992209200,6.321209228515625,0.015166351571679115,-0.09169291704893112,0.0648205354809761
1772614468002276000,6.331276123046875,0.0033686449751257896,-0.06151675060391426,0.042752671986818314
1772614468012343300,6.34134326171875,-0.01843865029513836,-0.011885013431310654,-0.0009918797295540571
1772614468022410200,6.35141015625,-0.025569600984454155,0.04118809849023819,-0.036504991352558136
1772614468032476200,6.36147607421875,-0.03119126707315445,0.08154749870300293,-0.05007299780845642
1772614468042543000,6.371543212890625,-0.02877460978925228,0.07357773929834366,-0.03488655760884285
1772614468052610000,6.381610107421875,-0.022121768444776535,0.02315584197640419,0.0018173950957134366
1772614468062676500,6.391676513671875,-0.003731908742338419,-0.02414359524846077,0.038001421838998795
1772614468072743400,6.401743408203125,0.016628224402666092,-0.05790076032280922,0.06732016056776047
1772614468082810400,6.411810302734375,0.03151709586381912,-0.06882967799901962,0.0825156420469284
1772614468092877300,6.421877197265625,0.03322258219122887,-0.06594280898571014,0.07132397592067719
1772614468102944300,6.4319443359375,0.023094164207577705,-0.04509230703115463,0.041524726897478104
1772614468113011500,6.442011474609375,0.013127284124493599,-0.005597362294793129,0.002895043231546879
1772614468123078400,6.452078369140625,0.005649038590490818,0.028817713260650635,-0.028091799467802048
1772614468133145300,6.462145263671875,-0.005511204246431589,0.03348703309893608,-0.03436034917831421
1772614468143212300,6.47221240234375,-0.01947088912129402,0.013724200427532196,-0.025658506900072098
1772614468153279500,6.482279541015625,-0.02511146478354931,0.00020253309048712254,-0.017618956044316292
1772614468163345400,6.492345458984375,-0.019239330664277077,-0.01223328709602356,-0.014482545666396618
1772614468173412400,6.502412353515625,-0.012601401656866074,-0.021094689145684242,-0.013171205297112465
1772614468183479600,6.5124794921875,0.004574958235025406,-0.013496511615812778,-0.019582277163863182
1772614468193546500,6.52254638671875,0.022382451221346855,-0.012399288825690746,-0.013869797810912132
1772614468203613400,6.532613525390625,0.026044562458992004,-0.023698411881923676,-0.008207965642213821
1772614468213680400,6.542680419921875,0.024055713787674904,-0.023464586585760117,-0.0006975848227739334
1772614468223747600,6.55274755859375,0.018419699743390083,0.010389033704996109,-0.02004554308950901
1772614468233814500,6.562814453125,0.019252469763159752,0.055073682218790054,-0.03804159164428711
1772614468243881500,6.572881591796875,0.020845770835876465,0.06286253035068512,-0.04086941108107567
1772614468253948400,6.582948486328125,0.016032373532652855,0.03283591940999031,-0.031369648873806
1772614468264015400,6.593015380859375,0.014061370864510536,-0.016101932153105736,-0.01013035885989666
1772614468274082300,6.603082275390625,0.019238555803894997,-0.028677912428975105,-0.0017536523519083858
1772614468284149500,6.6131494140625,0.03611816093325615,-0.028043854981660843,0.0019473430002108216
1772614468294215400,6.62321533203125,0.03225924074649811,-0.03475555032491684,0.010371986776590347
1772614468304282400,6.633282470703125,0.02962287701666355,-0.03189626336097717,0.008225229568779469
1772614468314349300,6.643349365234375,0.02738635428249836,-0.009347546845674515,-0.004871929995715618
1772614468324416500,6.65341650390625,0.02723802626132965,0.01411821972578764,-0.020840900018811226
1772614468334483500,6.6634833984375,0.027985043823719025,0.025063810870051384,-0.03607790917158127
1772614468344550400,6.67355029296875,0.027674347162246704,0.028215553611516953,-0.0331842303276062
1772614468354617300,6.683617431640625,0.016745533794164658,0.019859883934259415,-0.01995924301445484
1772614468364684300,6.693684326171875,0.011192910373210907,0.008955404162406921,-0.006745889782905579
1772614468374751200,6.703751220703125,0.007874079048633575,-0.006673356518149376,0.011093027889728546
1772614468384818400,6.713818359375,0.010432015173137188,-0.021528922021389008,0.01056746207177639
1772614468394885600,6.7238857421875,0.009496978484094143,-0.027344200760126114,-0.0000028902431949973106
1772614468404952600,6.73395263671875,0.012146255001425743,0.004333123564720154,-0.01814749464392662
1772614468415018200,6.744018310546875,0.00954381376504898,0.02909679338335991,-0.02976127341389656
1772614468425085400,6.75408544921875,0.013304555788636208,0.027962708845734596,-0.028605565428733826
1772614468435152600,6.764152587890625,0.019005319103598595,0.02761596441268921,-0.02128160558640957
1772614468445219600,6.774219482421875,0.02318902127444744,0.017724109813570976,-0.010907814837992191
1772614468455286500,6.78428662109375,0.029581939801573753,0.004944132175296545,0.01238445844501257
1772614468465353500,6.794353515625,0.04259853437542915,-0.019383639097213745,0.023385239765048027
1772614468475420400,6.80442041015625,0.03813694044947624,-0.02212110161781311,0.027352284640073776
1772614468485487400,6.8144873046875,0.04040618613362312,-0.017636919394135475,0.015272547490894794
1772614468495554600,6.824554443359375,0.03157540783286095,-0.00029468187130987644,0.004002315457910299
1772614468505621500,6.83462158203125,0.017777444794774055,0.0030790711753070354,-0.011047536507248878
1772614468515688400,6.8446884765625,0.015126533806324005,0.027533812448382378,-0.02025781385600567
1772614468525755400,6.85475537109375,0.011212779209017754,0.05063386633992195,-0.03046722710132599
1772614468535822300,6.864822265625,0.008977321907877922,0.06938092410564423,-0.023590678349137306
1772614468545888500,6.874888427734375,0.007332121953368187,0.06164059042930603,-0.0004946980625391006
1772614468555955500,6.88495556640625,0.011249099858105183,0.025401094928383827,0.027823226526379585
1772614468566022400,6.8950224609375,0.01605544425547123,-0.021746916696429253,0.05228749290108681
1772614468576089300,6.90508935546875,0.025796756148338318,-0.04122927039861679,0.053712550550699234
1772614468586156300,6.91515625,0.03814982622861862,-0.03792175278067589,0.044693440198898315
1772614468596223200,6.92522314453125,0.042802900075912476,-0.0304782185703516,0.027057455852627754
1772614468606290400,6.93529052734375,0.03883488103747368,-0.0012426793109625578,0.003968545235693455
1772614468616357400,6.945357421875,0.037969619035720825,0.011328506283462048,-0.02298424206674099
1772614468626424600,6.955424560546875,0.025135252624750137,0.029760805889964104,-0.035260651260614395
1772614468636491500,6.965491455078125,0.025074532255530357,0.03423811495304108,-0.0358918197453022
1772614468646558500,6.975558349609375,0.02624586410820484,0.032437510788440704,-0.01278078556060791
1772614468656625400,6.98562548828125,0.02063884399831295,-0.009238028898835182,0.01480743195861578
1772614468666692600,6.995692626953125,0.012799640186131,-0.03986501693725586,0.03792322054505348
1772614468676758500,7.005758544921875,0.0063049886375665665,-0.03871666267514229,0.04045908525586128
1772614468686825500,7.015825439453125,0.004424584563821554,-0.020535621792078018,0.02860005386173725
1772614468696892400,7.025892333984375,0.008513867855072021,-0.009298414923250675,0.009648466482758522
1772614468706959400,7.03595947265625,0.010065522976219654,-0.001520633464679122,-0.013284074142575264
1772614468717026600,7.046026611328125,0.017692549154162407,0.008175669237971306,-0.02885584346950054
1772614468727093500,7.056093505859375,0.029337260872125626,0.012637974694371223,-0.035062920302152634
1772614468737160400,7.066160400390625,0.026607520878314972,0.010073617100715637,-0.029309693723917007
1772614468747227400,7.076227294921875,0.011422635987401009,0.0062613398768007755,-0.011930028907954693
1772614468757294300,7.08629443359375,-0.005337435752153397,0.010896838270127773,0.0059847901575267315
1772614468767361300,7.096361328125,-0.021350150927901268,0.013244375586509705,0.013953889720141888
1772614468777428500,7.106428466796875,-0.02671988308429718,0.010516766458749771,0.01941337063908577
1772614468787495400,7.116495361328125,-0.034570686519145966,0.016043663024902344,0.016232367604970932
1772614468797562400,7.126562255859375,-0.032279305160045624,0.02299930714070797,0.010367020964622498
1772614468807628300,7.136628173828125,-0.02758600562810898,0.016046714037656784,-0.000011440599337220192
1772614468817695500,7.146695556640625,-0.020277759060263634,0.009354988113045692,-0.0058927652426064014
1772614468827762400,7.156762451171875,-0.02105480618774891,0.013147437945008278,-0.014725692570209503
1772614468837829400,7.166829345703125,-0.020123232156038284,0.01809772104024887,-0.01868048496544361
1772614468847896300,7.176896240234375,-0.018872249871492386,0.011952762492001057,-0.02526175230741501
1772614468857963300,7.18696337890625,-0.017851194366812706,-0.0004216157831251621,-0.025715822353959084
1772614468868030500,7.197030517578125,-0.004120795056223869,-0.01392741221934557,-0.029516933485865593
1772614468878097400,7.207097412109375,0.007991527207195759,-0.031423844397068024,-0.02979390323162079
1772614468888164600,7.21716455078125,0.018276745453476906,-0.036963727325201035,-0.031243883073329926
1772614468898231600,7.2272314453125,0.02150076813995838,-0.03345048427581787,-0.026805991306900978
1772614468908298500,7.237298583984375,0.013872185721993446,-0.03330104053020477,-0.01875552535057068
1772614468918365400,7.247365478515625,0.012977896258234978,-0.018144724890589714,-0.007105792406946421
1772614468928432400,7.257432373046875,0.006009465083479881,-0.018967237323522568,0.0003219827776774764
1772614468938498600,7.26749853515625,-0.003472187090665102,-0.019931301474571228,0.0018399845575913787
1772614468948565500,7.2775654296875,-0.009956984780728817,-0.02066926471889019,-0.00840706005692482
1772614468958632400,7.287632568359375,-0.015464428812265396,-0.009075388312339783,-0.02133513055741787
1772614468968699400,7.297699462890625,-0.01841036044061184,-0.012744042091071606,-0.038499586284160614
1772614468978766300,7.307766357421875,-0.015209773555397987,-0.01744665391743183,-0.04622222110629082
1772614468988833500,7.31783349609375,-0.013571358285844326,-0.02169261872768402,-0.043981220573186874
1772614468998900500,7.327900390625,-0.009185398928821087,-0.02372540906071663,-0.036219168454408646
1772614469008967400,7.337967529296875,-0.000818283820990473,-0.00729356799274683,-0.031772006303071976
1772614469019034400,7.348034423828125,0.005706727039068937,0.004044307861477137,-0.022186487913131714
1772614469029101300,7.358101318359375,0.004171719308942556,-0.002460018265992403,-0.015078028663992882
1772614469039168300,7.368168212890625,0.004336568992584944,-0.007001240272074938,-0.009640385396778584
1772614469049235500,7.3782353515625,-0.001195247983559966,-0.009297003969550133,-0.0099647743627429
1772614469059303200,7.38830322265625,-0.00694155041128397,-0.0021597319282591343,-0.019879456609487534
1772614469069369000,7.398369140625,-0.00482421088963747,0.01590602658689022,-0.027790045365691185
1772614469079436000,7.40843603515625,-0.010493547655642033,0.03285598009824753,-0.03690817579627037
1772614469089503000,7.4185029296875,-0.013998394832015038,0.04181971028447151,-0.03616867959499359
1772614469099570000,7.42856982421875,-0.014487084932625294,0.03308400884270668,-0.022881105542182922
1772614469109637000,7.43863720703125,-0.010246497578918934,0.020930053666234016,-0.002512760926038027
1772614469119704000,7.4487041015625,-0.0011683142511174083,0.007412113714963198,0.0019512296421453357
1772614469129771000,7.45877099609375,0.007454394828528166,0.0011940747499465942,-0.0012244984973222017
1772614469139838000,7.468837890625,0.004821061622351408,0.0016348279314115644,-0.010089894756674767
1772614469149905000,7.47890478515625,-0.0030286693945527077,0.01761462353169918,-0.023465920239686966
1772614469159971800,7.488971923828125,-0.012238146737217903,0.04181103780865669,-0.03767601400613785
1772614469170039300,7.499039306640625,-0.02989114820957184,0.054860979318618774,-0.047512542456388474
1772614469180106200,7.509106201171875,-0.03465713933110237,0.07837989181280136,-0.04129885509610176
1772614469190173200,7.519173095703125,-0.03755401819944382,0.08903533965349197,-0.02747909538447857
1772614469200238800,7.52923876953125,-0.044826313853263855,0.0802471712231636,0.0010846370132640004
1772614469210306000,7.53930615234375,-0.03457081317901611,0.06292267888784409,0.021501416340470314
1772614469220373200,7.549373291015625,-0.019127141684293747,0.036210641264915466,0.029371855780482292
1772614469230440200,7.559440185546875,-0.006105247884988785,0.03154851868748665,0.030788961797952652
1772614469240507100,7.569507080078125,-0.0011456432985141873,0.022734522819519043,0.017675558105111122
1772614469250574000,7.579573974609375,0.009267344139516354,0.011167277581989765,0.011486392468214035
1772614469260641000,7.58964111328125,0.019717054441571236,0.008014361374080181,0.0005748890107497573
1772614469270708000,7.5997080078125,0.02225564420223236,0.014231747016310692,-0.01367618516087532
1772614469280775200,7.609775146484375,0.024078577756881714,0.04808345437049866,-0.03004610538482666
1772614469290842000,7.619842041015625,0.005187252536416054,0.06555095314979553,-0.04628828540444374
1772614469300909000,7.629908935546875,-0.001154799130745232,0.05945763736963272,-0.051065463572740555
1772614469310976000,7.63997607421875,0.004332543350756168,0.034082092344760895,-0.045246973633766174
1772614469321043000,7.65004296875,0.0106647415086627,0.006267240270972252,-0.039468977600336075
1772614469331109000,7.660109130859375,0.020263366401195526,-0.007642076350748539,-0.03967645764350891
1772614469341176000,7.670176025390625,0.0287625789642334,-0.00891320314258337,-0.031691499054431915
1772614469351243000,7.680242919921875,0.02654966153204441,-0.014277095906436443,-0.02193867415189743
